Order_Frequency,Total_Spending,Avg_Order_Value,Recency,Delivery_Rate,Package_Usage_Rate,Laundry_Ratio,DryClean_Ratio,Value_Per_Kg,Avg_Monthly_Orders
36.285714285714285,17915.81632653061,478.5690350934392,59.48979591836735,0.9878516964507195,0.5162156155260679,0.5744398231502221,0.4255601768497779,72.25480430903472,3.023809523809524
1.6737864077669917,904.7067961165048,493.335650666755,279.19327548806933,0.9803507859454461,0.005312837108953602,0.003028201571890543,0.9969717984281095,0.45783594714195885,0.13948220064724934
3.3512565751022785,988.25073056692,293.1067764129414,269.50459258770906,0.9871400936743702,0.004425418955965238,0.8477893645414583,0.15221063545854163,84.0334159802468,0.27927138125852324
