{"categories": ["Order Frequency", "Total Spending", "Avg Order Value", "Laundry Usage", "Dry Clean Usage", "Package Usage"], "segments": {"High Value": [36.285714285714285, 17915.816326530614, 478.5690350934392, 0.574439823150222, 0.4255601768497779, 0.516215615526068], "Medium Value": [1.6737864077669904, 904.7067961165048, 493.33565066675504, 0.003028201571890892, 0.996971798428109, 0.005312837108953614], "Regular": [3.3512565751022794, 988.25073056692, 293.1067764129414, 0.8477893645414588, 0.15221063545854127, 0.004425418955965248]}}