feature,importance
Laundry_Ratio,0.36346960246490667
DryClean_Ratio,0.3395941063223323
Value_Per_Kg,0.1995153723041922
Order_Frequency,0.02766260924242532
Avg_Monthly_Orders,0.025744589153131162
Package_Usage_Rate,0.01733816838914084
Total_Spending,0.013662531112385514
Avg_Order_Value,0.009427453674646194
Recency,0.0033394669305295732
Delivery_Rate,0.00024610040631021645
